dato;Indeksverdi;kommentar;kom2
1914-01-31;6.215755789;;
1914-02-28;6.233948245;;
1914-03-31;6.185435029;;
1914-04-30;6.149050117;;
1914-05-31;6.136921813;;
1914-06-30;6.167242573;;
1914-07-31;6.173306725;;
1914-08-31;6.173306725;;
1914-09-30;6.173306725;;
1914-10-31;5.906484037;;
1914-11-30;5.930740645;;
1914-12-31;5.924676493;;
1915-01-31;6.142985965;;
1915-02-28;6.215755789;;
1915-03-31;6.276397308;;
1915-04-30;6.349167132;;
1915-05-31;6.43406526;;
1915-06-30;6.713016252;;
1915-07-31;7.040480459;;
1915-08-31;7.216340867;;
1915-09-30;7.604446594;;
1915-10-31;8.125963665;;
1915-11-30;8.344273137;;
1915-12-31;8.914303424;;
1916-01-31;10.09074891;;
1916-02-28;9.811797918;;
1916-03-31;9.805733766;;
1916-04-30;9.842118678;;
1916-05-31;11.33996422;;
1916-06-30;12.11617567;;
1916-07-31;12.5042814;;
1916-08-31;14.70556857;;
1916-09-30;15.04516108;;
1916-10-31;15.23921395;;
1916-11-30;14.80865916;;
1916-12-31;13.13495321;;
1917-01-31;12.56492292;;
1917-02-28;12.27990778;;
1917-03-31;12.9590928;;
1917-04-30;13.77775332;;
1917-05-31;15.05122524;;
1917-06-30;15.67583289;;
1917-07-31;15.88201406;;
1917-08-31;16.54300663;;
1917-09-30;18.22277673;;
1917-10-31;16.52481417;;
1917-11-30;16.17309335;;
1917-12-31;16.13064429;;
1918-01-31;17.13729352;;
1918-02-28;17.85077572;;
1918-03-31;18.07716911;;
1918-04-30;17.87135693;;
1918-05-31;18.15949397;<strong>Jobbetiden</strong></br> Krigsøkonomien utløste en eventyrlig inntjening for skipsfarten og overskudd i utenriksøkonomien ga en voldsom pengerikelighet.  Tonnasjeknapphet og krigsrisiko førte fraktratene i været, og det var skipsaksjene som drev kursutviklingen.;</br><em>Indeks 31.05.1918: 18.16</br><em>Endring siste 12 mnd: 20.65 %</em>
1918-06-30;17.54205746;;
1918-07-31;17.81647369;;
1918-08-31;17.58321989;;
1918-09-30;16.88345851;;
1918-10-31;15.0723114;;
1918-11-30;14.18045865;;
1918-12-31;13.59046376;;
1919-01-31;13.24744347;;
1919-02-28;13.29546631;;
1919-03-31;13.01418968;;
1919-04-30;12.54768209;;
1919-05-31;12.25268464;;
1919-06-30;11.81361867;;
1919-07-31;11.22362378;;
1919-08-31;11.15501972;;
1919-09-30;10.83258065;;
1919-10-31;10.72281416;;
1919-11-30;11.28536743;;
1919-12-31;11.34711108;;
1920-01-31;11.47059839;;
1920-02-28;11.3676923;;
1920-03-31;11.17560094;;
1920-04-30;10.87374309;;
1920-05-31;10.66793091;;
1920-06-30;10.02991318;;
1920-07-31;9.378174637;;
1920-08-31;9.433057883;;
1920-09-30;9.069456379;;
1920-10-31;8.609809195;;
1920-11-30;8.170743228;;
1920-12-31;7.49156306;"Våpenhvilen 11. november 1918 slo umiddelbart og kraftig inn i prisingen av skipsaksjer. Ved utgangen av 1920 lå skipsfartsindeksen nesten sytti prosent lavere enn i mai 1918. Også verdien av de børsnoterte hval- og industriselskapene ble mer enn halvert i samme tidsrom; bank og forsikring opplevde et kursfall på tretti prosent. ";</br><em>Indeks 31.12.1920: 7.49</br><em>Endring siste 12 mnd: -33.98 %</em>
1921-01-31;6.647733155;;
1921-02-28;6.36645652;;
1921-03-31;6.229248405;;
1921-04-30;5.887732594;;
1921-05-31;5.710144372;;
1921-06-30;5.655501842;;
1921-07-31;5.819429431;;
1921-08-31;5.771617218;;
1921-09-30;5.546216782;;
1921-10-31;5.559877414;;
1921-11-30;5.33585305;;
1921-12-31;5.043942514;;
1922-01-31;4.942658528;;
1922-02-28;4.896029674;;
1922-03-31;4.948888294;;
1922-04-30;4.948888294;;
1922-05-31;4.942436027;;
1922-06-30;4.942436027;;
1922-07-31;4.95534056;;
1922-08-31;5.045672289;;
1922-09-30;5.058576822;;
1922-10-31;5.032767756;;
1922-11-30;5.032767756;;
1922-12-31;4.968245093;;
1923-01-31;4.826295233;;
1923-02-28;4.788192902;;
1923-03-31;5.040867989;;
1923-04-30;5.122476064;;
1923-05-31;5.134672435;;
1923-06-30;5.049500144;;
1923-07-31;5.086002555;;
1923-08-31;5.098126518;;
1923-09-30;5.098126518;;
1923-10-31;5.110293884;;
1923-11-30;5.189381766;;
1923-12-31;5.213859982;;
1924-01-31;5.501479018;;
1924-02-28;5.838429292;;
1924-03-31;5.648511865;;
1924-04-30;5.728154657;;
1924-05-31;5.807797449;;
1924-06-30;5.869190657;;
1924-07-31;5.82630513;;
1924-08-31;5.90594968;;
1924-09-30;6.046422112;;
1924-10-31;6.015884627;;
1924-11-30;5.967418286;;
1924-12-31;5.925010237;;
1925-01-31;5.93106853;;
1925-02-28;5.882000744;;
1925-03-31;5.777731701;;
1925-04-30;5.81453254;;
1925-05-31;5.741699147;;
1925-06-30;5.699168042;;
1925-07-31;5.644485193;;
1925-08-31;5.65658484;;
1925-09-30;5.62627088;;
1925-10-31;5.505015042;;
1925-11-30;5.462575499;;
1925-12-31;5.420135956;;
1926-01-31;5.286754534;;
1926-02-28;5.192348203;;
1926-03-31;5.03303752;;
1926-04-30;5.03303752;;
1926-05-31;4.979933958;;
1926-06-30;4.932730793;;
1926-07-31;4.932730793;;
1926-08-31;4.95043198;;
1926-09-30;4.956332376;;
1926-10-31;4.962232771;;
1926-11-30;4.962232771;;
1926-12-31;4.926830397;;
1927-01-31;4.861926045;;
1927-02-28;4.811397945;;
1927-03-31;4.794555245;;
1927-04-30;4.760869845;;
1927-05-31;4.817012178;;
1927-06-30;4.788941012;;
1927-07-31;4.783326778;;
1927-08-31;4.817012178;;
1927-09-30;4.811397945;;
1927-10-31;4.800169478;;
1927-11-30;4.822626412;;
1927-12-31;4.805783712;;
1928-01-31;4.727184445;;
1928-02-28;4.599550465;;
1928-03-31;4.717730076;;
1928-04-30;4.807546581;;
1928-05-31;5.02972425;;
1928-06-30;4.996633959;;
1928-07-31;4.982452405;;
1928-08-31;5.006088328;;
1928-09-30;5.006088328;;
1928-10-31;5.006088328;;
1928-11-30;5.006088328;;
1928-12-31;4.982452405;;
1929-01-31;5.053360172;;
1929-02-28;5.067541725;;
1929-03-31;5.185721337;;
1929-04-30;5.171539783;;
1929-05-31;5.147903861;;
1929-06-30;5.171539783;;
1929-07-31;5.256629103;;
1929-08-31;5.286666984;;
1929-09-30;5.334727593;;
1929-10-31;5.232598799;;
1929-11-30;5.088416972;;
1929-12-31;4.980280602;;
1930-01-31;4.99830333;;
1930-02-28;4.96826545;;
1930-03-31;4.818076047;;
1930-04-30;4.733969981;;
1930-05-31;4.637848763;;
1930-06-30;4.439598751;;
1930-07-31;4.421576023;;
1930-08-31;4.421576023;;
1930-09-30;4.439598751;;
1930-10-31;4.337469957;;
1930-11-30;4.337469957;;
1930-12-31;4.325454805;;
1931-01-31;4.16325025;;
1931-02-28;4.19328813;;
1931-03-31;4.109182065;;
1931-04-30;3.971007814;;
1931-05-31;3.802795683;;
1931-06-30;3.700666889;;
1931-07-31;3.718689617;;
1931-08-31;3.610553247;;
1931-09-30;3.424318387;;
1931-10-31;3.556485062;;
1931-11-30;3.712682041;;
1931-12-31;3.604545671;;
1932-01-31;3.394280507;;
1932-02-28;3.490401725;;
1932-03-31;3.190022919;;
1932-04-30;3.039833516;;
1932-05-31;2.991772907;;
1932-06-30;2.895651689;"<strong>Depresjonen og det laveste kursnivået noensinne</strong> 
</br>Børskrakket på Wall Street-børsen i slutten av oktober 1929 ble startpunktet for en langvarig nedtur i Oslo. Nedturen varte frem til sommeren 1932. Da hadde industri- og skipfartsindeksene tapt henholdsvis 57 og 56 prosent siden september 1929. Nedturen tok imidlertid en annen form enn det umiddelbare kursfallet på andre siden av Atlanteren; en mer uttrukket prosess som speilet hvordan depresjonen gradvis spredte seg fra USA til Europa. ";</br><em>Indeks 30.06.1932: 2.9</br><em>Endring siste 12 mnd: -21.75 %</em>
1932-07-31;2.997780483;;
1932-08-31;3.292151713;;
1932-09-30;3.514432029;;
1932-10-31;3.508424453;;
1932-11-30;3.598538095;;
1932-12-31;3.556485062;;
1933-01-31;3.65260628;;
1933-02-28;3.658613856;;
1933-03-31;3.604545671;;
1933-04-30;3.532454757;;
1933-05-31;3.664621432;;
1933-06-30;3.971007814;;
1933-07-31;3.892909324;;
1933-08-31;3.971007814;;
1933-09-30;4.079144184;;
1933-10-31;4.067129032;;
1933-11-30;4.013060847;;
1933-12-31;4.08515176;;
1934-01-31;4.133212369;;
1934-02-28;4.289409348;;
1934-03-31;4.157242674;;
1934-04-30;4.223326011;;
1934-05-31;4.217318435;;
1934-06-30;4.127204793;;
1934-07-31;4.157242674;;
1934-08-31;4.223326011;;
1934-09-30;4.217318435;;
1934-10-31;4.247356315;;
1934-11-30;4.205303283;;
1934-12-31;4.325454805;;
1935-01-31;4.547735121;;
1935-02-28;4.655871491;;
1935-03-31;4.541727545;;
1935-04-30;4.679901796;;
1935-05-31;4.721954829;;
1935-06-30;4.709939676;;
1935-07-31;4.715947253;;
1935-08-31;5.004310906;;
1935-09-30;5.21457607;;
1935-10-31;5.376780626;;
1935-11-30;5.328720017;;
1935-12-31;5.406818506;;
1936-01-31;5.61708367;;
1936-02-28;5.743242769;;
1936-03-31;5.755257921;;
1936-04-30;5.797310954;;
1936-05-31;5.785295802;;
1936-06-30;5.743242769;;
1936-07-31;5.827348834;;
1936-08-31;5.905447324;;
1936-09-30;6.121720064;;
1936-10-31;6.20582613;;
1936-11-30;6.770538285;;
1936-12-31;6.920727688;;
1937-01-31;7.281182255;;
1937-02-28;7.275174679;;
1937-03-31;7.539508028;;
1937-04-30;7.984068661;;
1937-05-31;7.557530756;;
1937-06-30;7.683689855;;
1937-07-31;7.851901986;;
1937-08-31;8.074182303;Norge ble hardt rammet av depresjonen, men nedgangen var kortvarig. Krisen i seg selv utløste omstillingskrefter som var viktig for småbedrifter og forbrukerindustri rettet mot hjemmemarkedet.  Bortfallet av gullbinding i september 1931 innebar en frigjøring fra det som var blitt en monetær tvangstrøye.  Fra bunnpunktet sommeren 1932 til førkrigstoppen i august 1937 styrket industriindeksen seg med 188 prosent. ;</br><em>Indeks 31.08.1937: 8.07</br><em>Endring siste 12 mnd: 36.72 %</em>
1937-09-30;7.978061085;;
1937-10-31;7.641636822;;
1937-11-30;7.323235288;;
1937-12-31;7.197076189;;
1938-01-31;7.389318625;;
1938-02-28;7.094947395;;
1938-03-31;6.686432219;;
1938-04-30;6.548257969;;
1938-05-31;6.494189784;;
1938-06-30;6.289932196;;
1938-07-31;6.512212512;;
1938-08-31;6.656394339;;
1938-09-30;6.764530709;;
1938-10-31;7.052894363;;
1938-11-30;7.016848906;;
1938-12-31;6.974795873;;
1939-01-31;6.926735264;;
1939-02-28;6.830614046;;
1939-03-31;6.740500404;;
1939-04-30;6.506204936;;
1939-05-31;6.656394339;;
1939-06-30;6.674417067;;
1939-07-31;6.692439795;;
1939-08-31;6.674417067;;
1939-09-30;7.797833801;;
1939-10-31;7.209091342;;
1939-11-30;7.191068613;;
1939-12-31;6.818598894;;
1940-01-31;6.860651927;;
1940-02-28;6.710462524;;
1940-03-31;7.016848906;;
1940-04-30;6.007576118;;
1940-05-31;6.007576118;;
1940-06-30;5.947500357;;
1940-07-31;6.482174631;;
1940-08-31;7.353273168;;
1940-09-30;7.251144374;;
1940-10-31;7.62962167;;
1940-11-30;7.473424691;;
1940-12-31;7.617606518;;
1941-01-31;7.972053509;;
1941-02-28;7.863917138;;
1941-03-31;8.302470195;;
1941-04-30;8.795091437;;
1941-05-31;8.915242959;;
1941-06-30;9.035394481;;
1941-07-31;9.119500547;;
1941-08-31;9.756303616;;
1941-09-30;9.714250583;;
1941-10-31;9.305735407;;
1941-11-30;9.227636917;;
1941-12-31;9.005356601;;
1942-01-31;9.293720255;;
1942-02-28;9.413871777;;
1942-03-31;9.341780863;;
1942-04-30;9.449917234;;
1942-05-31;9.684212702;;
1942-06-30;10.00862181;;
1942-07-31;10.11075061;;
1942-08-31;10.4651976;;
1942-09-30;10.91576581;;
1942-10-31;11.05394006;;
1942-11-30;11.11401582;;
1942-12-31;10.83165974;;
1943-01-31;11.0419249;;
1943-02-28;10.7655764;;
1943-03-31;10.75956883;;
1943-04-30;10.63340973;;
1943-05-31;10.80162186;;
1943-06-30;10.98184914;;
1943-07-31;10.99987187;;
1943-08-31;11.13203855;;
1943-09-30;11.15606885;;
1943-10-31;11.28222795;;
1943-11-30;11.31226583;;
1943-12-31;11.33629613;;
1944-01-31;11.43241735;;
1944-02-28;11.51051584;;
1944-03-31;11.55256887;;
1944-04-30;11.55857645;;
1944-05-31;11.36032644;;
1944-06-30;11.22815976;;
1944-07-31;11.15606885;;
1944-08-31;11.22815976;;
1944-09-30;11.08998551;;
1944-10-31;10.73553852;;
1944-11-30;10.71751579;;
1944-12-31;10.85569005;;
1945-01-31;11.04793248;;
1945-02-28;11.16207643;;
1945-03-31;11.23416734;;
1945-04-30;11.22815976;;
1945-05-31;11.36633402;<strong>Frigjøringen</strong><br>Den tyske kapitulasjonen og slutten på andre verdenskrig.;</br><em>Indeks 31.05.1945: 11.37</br><em>Endring siste 12 mnd: 0.05 %</em>
1945-06-30;10.6394173;;
1945-07-31;10.36907638;;
1945-08-31;10.29097789;;
1945-09-30;9.017371753;;
1945-10-31;9.233644493;;
1945-11-30;8.909235383;;
1945-12-31;9.48596269;;
1946-01-31;10.19485667;;
1946-02-28;10.11075061;;
1946-03-31;10.05067485;;
1946-04-30;10.06269;;
1946-05-31;10.00261424;;
1946-06-30;10.05668242;;
1946-07-31;9.918508171;;
1946-08-31;9.924515747;;
1946-09-30;9.708243007;;
1946-10-31;9.251667222;;
1946-11-30;9.017371753;;
1946-12-31;8.957295992;;
1947-01-31;9.179576308;;
1947-02-28;9.37782632;;
1947-03-31;9.299727831;;
1947-04-30;9.323758135;;
1947-05-31;9.143530852;;
1947-06-30;8.927258111;;
1947-07-31;8.885205078;;
1947-08-31;8.981326296;;
1947-09-30;8.86718235;;
1947-10-31;8.783076284;;
1947-11-30;9.101477819;;
1947-12-31;9.491970266;;
1948-01-31;9.828394529;;
1948-02-28;9.828394529;;
1948-03-31;9.665492962;;
1948-04-30;9.882695051;;
1948-05-31;10.04559662;;
1948-06-30;10.26279871;;
1948-07-31;10.26279871;;
1948-08-31;10.37139975;;
1948-09-30;10.04559662;;
1948-10-31;10.09989714;;
1948-11-30;10.15419766;;
1948-12-31;10.20849818;;
1949-01-31;10.31709923;;
1949-02-28;10.09989714;;
1949-03-31;9.882695051;;
1949-04-30;9.393990351;;
1949-05-31;9.231088784;;
1949-06-30;8.796684606;;
1949-07-31;8.579482517;;
1949-08-31;8.959586173;;
1949-09-30;9.176788262;;
1949-10-31;10.26279871;;
1949-11-30;9.502591395;;
1949-12-31;9.502591395;;
1950-01-31;9.556891918;;
1950-02-28;9.393990351;;
1950-03-31;9.339689829;;
1950-04-30;9.61119244;;
1950-05-31;9.61119244;;
1950-06-30;9.882695051;;
1950-07-31;10.04559662;;
1950-08-31;10.53430132;;
1950-09-30;11.07730654;;
1950-10-31;10.75150341;;
1950-11-30;10.9687055;;
1950-12-31;10.91440497;;
1951-01-31;11.51171072;;
1951-02-28;11.78321333;;
1951-03-31;11.78321333;;
1951-04-30;11.62031176;;
1951-05-31;11.56601124;;
1951-06-30;11.29450863;;
1951-07-31;11.24020811;;
1951-08-31;11.51171072;;
1951-09-30;11.62031176;;
1951-10-31;11.67461229;;
1951-11-30;11.72891281;;
1951-12-31;11.89181437;;
1952-01-31;12.27191803;;
1952-02-28;12.00041542;;
1952-03-31;11.67461229;;
1952-04-30;11.34880915;;
1952-05-31;11.02300602;;
1952-06-30;10.9687055;;
1952-07-31;11.29450863;;
1952-08-31;11.34880915;;
1952-09-30;11.34880915;;
1952-10-31;11.51171072;;
1952-11-30;11.40310967;;
1952-12-31;11.29450863;;
1953-01-31;11.13160706;;
1953-02-28;11.02300602;;
1953-03-31;10.86010445;;
1953-04-30;10.58860184;;
1953-05-31;10.31709923;;
1953-06-30;10.20849818;;
1953-07-31;10.53430132;;
1953-08-31;10.4800008;;
1953-09-30;10.64290236;;
1953-10-31;10.80580393;;
1953-11-30;10.75150341;;
1953-12-31;10.80580393;;
1954-01-31;10.9687055;;
1954-02-28;11.18590759;;
1954-03-31;11.40310967;;
1954-04-30;11.34880915;;
1954-05-31;11.29450863;;
1954-06-30;11.29450863;;
1954-07-31;11.67461229;;
1954-08-31;11.9461149;;
1954-09-30;12.4348196;;
1954-10-31;12.86922378;;
1954-11-30;13.30362795;;
1954-12-31;13.57513056;;
1955-01-31;13.84663318;;
1955-02-28;13.412229;;
1955-03-31;13.57513056;;
1955-04-30;13.52083004;;
1955-05-31;13.19502691;;
1955-06-30;13.08642586;;
1955-07-31;13.03212534;;
1955-08-31;13.35792848;;
1955-09-30;13.46652952;;
1955-10-31;13.412229;;
1955-11-30;13.9009337;;
1955-12-31;14.28103735;;
1956-01-31;14.06383527;;
1956-02-28;14.22673683;;
1956-03-31;14.60684049;;
1956-04-30;15.52994937;;
1956-05-31;15.42134832;;
1956-06-30;15.09554519;;
1956-07-31;15.31274728;;
1956-08-31;16.45305824;;
1956-09-30;16.77886138;;
1956-10-31;16.72456086;;
1956-11-30;16.99606347;;
1956-12-31;16.3444572;;
1957-01-31;16.67026033;;
1957-02-28;16.94176295;;
1957-03-31;17.10466451;;
1957-04-30;16.94176295;;
1957-05-31;16.8331619;;
1957-06-30;16.8331619;;
1957-07-31;16.8331619;;
1957-08-31;16.18155563;;
1957-09-30;15.04124467;;
1957-10-31;14.66114101;;
1957-11-30;14.00953474;;
1957-12-31;13.95523422;;
1958-01-31;14.00953474;;
1958-02-28;12.97782482;;
1958-03-31;13.24932743;;
1958-04-30;12.81492325;;
1958-05-31;12.4348196;;
1958-06-30;12.4348196;;
1958-07-31;12.54342064;;
1958-08-31;12.81492325;;
1958-09-30;12.76062273;;
1958-10-31;13.24932743;;
1958-11-30;13.46652952;;
1958-12-31;13.08642586;;
1959-01-31;13.62943109;;
1959-02-28;13.57513056;;
1959-03-31;13.412229;;
1959-04-30;13.412229;;
1959-05-31;13.35792848;;
1959-06-30;13.52083004;;
1959-07-31;13.57513056;;
1959-08-31;14.11813579;;
1959-09-30;13.95523422;;
1959-10-31;13.9009337;;
1959-11-30;14.17243631;;
1959-12-31;14.33533788;;
1960-01-31;14.71544153;;
1960-02-28;14.71544153;;
1960-03-31;14.3890464;;
1960-04-30;14.3890464;;
1960-05-31;14.22584883;;
1960-06-30;14.22584883;;
1960-07-31;14.33510822;;
1960-08-31;14.71544153;;
1960-09-30;14.98651546;;
1960-10-31;15.14971302;;
1960-11-30;15.14971302;;
1960-12-31;15.25758938;;
1961-01-31;15.58398451;;
1961-02-28;15.69186087;;
1961-03-31;16.018256;;
1961-04-30;16.18145356;;
1961-05-31;16.23539174;;
1961-06-30;16.018256;;
1961-07-31;16.34465113;;
1961-08-31;16.56178688;;
1961-09-30;16.50646567;;
1961-10-31;16.23539174;;
1961-11-30;16.07219418;;
1961-12-31;16.07219418;;
1962-01-31;16.18145356;;
1962-02-28;16.07219418;;
1962-03-31;15.63792269;;
1962-04-30;14.93257728;;
1962-05-31;14.60618215;;
1962-06-30;13.5744416;;
1962-07-31;13.79157735;;
1962-08-31;13.95477491;;
1962-09-30;13.68370099;;
1962-10-31;12.70589862;;
1962-11-30;12.59802227;;
1962-12-31;12.54270106;;
1963-01-31;12.48876288;;
1963-02-28;12.4348247;;
1963-03-31;12.21768896;;
1963-04-30;12.00055321;;
1963-05-31;12.48876288;;
1963-06-30;12.10842957;;
1963-07-31;12.21768896;;
1963-08-31;12.4348247;;
1963-09-30;12.65196045;;
1963-10-31;12.81515801;;
1963-11-30;13.62976281;;
1963-12-31;13.46656524;;
1964-01-31;13.68370099;;
1964-02-28;13.52050342;;
1964-03-31;13.14017011;;
1964-04-30;13.08623193;;
1964-05-31;12.86909619;;
1964-06-30;12.65196045;;
1964-07-31;13.03229376;;
1964-08-31;13.2494295;;
1964-09-30;13.73763917;;
1964-10-31;13.5744416;;
1964-11-30;13.46656524;;
1964-12-31;13.35730586;;
1965-01-31;13.46656524;;
1965-02-28;13.68370099;;
1965-03-31;13.46656524;;
1965-04-30;13.2494295;;
1965-05-31;12.81515801;;
1965-06-30;12.70589862;;
1965-07-31;12.54270106;;
1965-08-31;12.81515801;;
1965-09-30;13.03229376;;
1965-10-31;12.70589862;;
1965-11-30;12.65196045;;
1965-12-31;12.48876288;;
1966-01-31;12.59802227;;
1966-02-28;12.65196045;;
1966-03-31;12.32556531;;
1966-04-30;12.32556531;;
1966-05-31;12.00055321;;
1966-06-30;11.78341747;;
1966-07-31;11.72809626;;
1966-08-31;11.78341747;;
1966-09-30;11.34914598;;
1966-10-31;11.23988659;;
1966-11-30;11.18594841;;
1966-12-31;10.96881267;;
1967-01-31;10.96881267;;
1967-02-28;10.85955328;;
1967-03-31;10.58847936;;
1967-04-30;10.26208423;;
1967-05-31;9.991010304;;
1967-06-30;10.15420787;;
1967-07-31;11.02275085;;
1967-08-31;10.85955328;;
1967-09-30;10.75167692;;
1967-10-31;10.53454118;;
1967-11-30;10.31740544;;
1967-12-31;10.15420787;;
1968-01-31;10.37134361;;
1968-02-28;10.15420787;;
1968-03-31;10.15420787;;
1968-04-30;10.15420787;;
1968-05-31;10.15420787;;
1968-06-30;10.47921997;;
1968-07-31;10.85955328;;
1968-08-31;11.6202199;;
1968-09-30;11.67415808;;
1968-10-31;11.18594841;;
1968-11-30;11.18594841;;
1968-12-31;11.18594841;;
1969-01-31;11.6202199;;
1969-02-28;12.00055321;;
1969-03-31;11.89129382;;
1969-04-30;12.00055321;;
1969-05-31;12.05449139;;
1969-06-30;11.83735565;;
1969-07-31;12.16375078;;
1969-08-31;12.48876288;;
1969-09-30;12.65196045;;
1969-10-31;12.59802227;;
1969-11-30;12.65196045;;
1969-12-31;13.14017011;;
1970-01-31;13.38773252;;
1970-02-28;13.24804647;;
1970-03-31;13.38773252;;
1970-04-30;13.6657216;;
1970-05-31;12.96867437;;
1970-06-30;12.82898831;;
1970-07-31;13.52741857;;
1970-08-31;15.75824632;;
1970-09-30;17.15234078;;
1970-10-31;17.98907406;;
1970-11-30;17.84938801;;
1970-12-31;17.29202683;;
1971-01-31;18.82580734;"<strong>Shippingboom</strong>
</br>Fraktrater i tankskipmarkedet steg kraftig, først på grunn av seksdagerskrigen mellom Israel og Egypt og stenging av Suez-kanalen i 1967, så i 1970 da politisk uro og tekniske vanskeligheter førte til fall i oljeleveransene fra Libya. Sommeren 1970 kunne Børsen melde om ""eventyrlige"" fraktrater. Dermed tok aksjekursene av. I 1970 steg verdien av skipsaksjene ved Oslo Børs med 95 prosent. ";</br><em>Indeks 31.01.1971: 18.83</br><em>Endring siste 12 mnd: 40.62 %</em>
1971-02-28;18.12876011;;
1971-03-31;17.84938801;;
1971-04-30;16.3156075;;
1971-05-31;16.3156075;;
1971-06-30;16.03623539;;
1971-07-31;15.89793237;;
1971-08-31;16.3156075;;
1971-09-30;15.75824632;;
1971-10-31;14.64214093;;
1971-11-30;13.80540765;;
1971-12-31;13.52741857;;
1972-01-31;14.36276883;;
1972-02-28;13.80540765;;
1972-03-31;13.6657216;;
1972-04-30;13.80540765;;
1972-05-31;13.38773252;;
1972-06-30;14.64214093;;
1972-07-31;15.06119909;;
1972-08-31;16.3156075;;
1972-09-30;15.47887421;;
1972-10-31;15.47887421;;
1972-11-30;15.19950211;;
1972-12-31;15.33918816;;
1973-01-31;16.17592144;;
1973-02-28;17.29202683;;
1973-03-31;17.29202683;;
1973-04-30;19.38316852;;
1973-05-31;21.6153793;;
1973-06-30;24.40356822;;
1973-07-31;24.26388217;;
1973-08-31;24.54325427;;
1973-09-30;23.84620704;;
1973-10-31;23.84620704;;
1973-11-30;23.56683494;<strong>Oljefeber</strong></br>I mars dette året tegnet 180000 seg da Norse Petroleum inviterte folket til aksjetegning. Norsk Hydro, som var det eneste børsnoterte selskapet som til da hadde funnet olje, hadde den største oppgangen dette året;</br><em>Indeks 30.11.1973: 23.57</br><em>Endring siste 12 mnd: 55.05 %</em>
1973-12-31;21.6153793;;
1974-01-31;24.68294032;;
1974-02-28;23.56683494;;
1974-03-31;22.73010165;;
1974-04-30;21.6153793;;
1974-05-31;20.08159878;;
1974-06-30;19.80222668;;
1974-07-31;18.26844617;;
1974-08-31;18.12876011;;
1974-09-30;15.19950211;;
1974-10-31;16.17592144;;
1974-11-30;15.47887421;;
1974-12-31;14.2244658;<strong>Oljeprissjokk</strong></br>I 1974 falt kurser og omsetning ved Oslo Børs som en stein. Tilbakeslaget skyldtes delvis internasjonale forhold. Yom Kippur-krigen mellom Israel og Egypt/Syria førte til at produksjon av olje falt og prisene gikk i været. Oljeprissjokket akselererte konjunkturnedgangen internasjonalt. Børser over hele verden stupte. I Oslo ble fallet forsterket av nye politiske tiltak. Arbeiderpartiet tok over regjeringsmakten høsten 1973, og tok nye grep for å bremse aksjemarkedet og stanse spekulasjonen i oljeaksjer. ;</br><em>Indeks 31.12.1974: 14.22</br><em>Endring siste 12 mnd: -34.19 %</em>
1975-01-31;13.80540765;;
1975-02-28;14.08477975;;
1975-03-31;13.38773252;;
1975-04-30;12.96867437;;
1975-05-31;13.52741857;;
1975-06-30;13.10836042;;
1975-07-31;14.08477975;;
1975-08-31;14.2244658;;
1975-09-30;13.38773252;;
1975-10-31;12.96867437;;
1975-11-30;12.69068529;;
1975-12-31;12.13194108;;
1976-01-31;13.80540765;;
1976-02-28;13.9450937;;
1976-03-31;13.38773252;;
1976-04-30;13.24804647;;
1976-05-31;13.24804647;;
1976-06-30;13.80540765;;
1976-07-31;14.36276883;;
1976-08-31;14.78182698;;
1976-09-30;13.80540765;;
1976-10-31;13.38773252;;
1976-11-30;13.24804647;;
1976-12-31;13.10836042;;
1977-01-31;12.96867437;;
1977-02-28;12.96867437;;
1977-03-31;12.82898831;;
1977-04-30;12.55099924;;
1977-05-31;11.85395201;;
1977-06-30;11.85395201;;
1977-07-31;11.71426596;;
1977-08-31;11.2952078;;
1977-09-30;11.15552175;;
1977-10-31;10.87753267;;
1977-11-30;9.761427287;;
1977-12-31;9.761427287;;
1978-01-31;9.482055183;;
1978-02-28;9.621741235;;
1978-03-31;9.343752161;<strong>- Havre til død hest</strong></br>- Å stimulere børsen er som å bære havre til en død hest, sa Arbeiderpartipolitikeren Einar Førde Oslo Børs fra Stortingets talerstol i 1978. Med 2016–øyne ville årsomsetning i 1978 vært over på knappe tre timer.;</br><em>Indeks 31.03.1978: 9.34</br><em>Endring siste 12 mnd: -27.17 %</em>
1978-04-30;9.482055183;;
1978-05-31;9.901113339;;
1978-06-30;9.621741235;;
1978-07-31;9.482055183;;
1978-08-31;10.73784662;;
1978-09-30;11.43489385;;
1978-10-31;10.31878847;;
1978-11-30;10.18048544;;
1978-12-31;10.04079939;;
1979-01-31;10.04079939;;
1979-02-28;10.59816057;;
1979-03-31;11.2952078;;
1979-04-30;11.5745799;;
1979-05-31;12.69068529;;
1979-06-30;12.96867437;;
1979-07-31;13.6657216;;
1979-08-31;13.6657216;;
1979-09-30;13.6657216;;
1979-10-31;14.50245488;;
1979-11-30;15.06119909;;
1979-12-31;15.61856027;<strong>Dereguleringen av norsk næringsliv</strong> startet mot slutten av 1970-årene. Arbeiderpartiet tok initiativ for å endre kreditt- og valutapolitikken. Høsten 1979 ble også grensen for utlendingers rett til å kjøpe aksjer i Norge hevet fra 50 000 til 1 million kroner, noe som fikk avgjørende betydning for aksjemarkedets videre utvikling.;</br><em>Indeks 31.12.1979: 15.62</br><em>Endring siste 12 mnd: 55.55 %</em>
1980-01-31;15.47887421;;
1980-02-28;15.89793237;;
1980-03-31;14.50245488;;
1980-04-30;14.50245488;;
1980-05-31;14.78182698;;
1980-06-30;14.92151304;;
1980-07-31;14.50245488;;
1980-08-31;14.92151304;;
1980-09-30;14.50245488;;
1980-10-31;14.78182698;;
1980-11-30;14.64214093;;
1980-12-31;14.36276883;;
1981-01-31;14.64214093;;
1981-02-28;14.64214093;;
1981-03-31;15.06119909;;
1981-04-30;14.92151304;;
1981-05-31;15.06119909;;
1981-06-30;14.64214093;;
1981-07-31;15.19950211;;
1981-08-31;17.29202683;;
1981-09-30;16.87296867;;
1981-10-31;16.17592144;;
1981-11-30;17.57139894;;
1981-12-31;16.45529355;;
1982-01-31;16.45529355;;
1982-02-28;16.17592144;;
1982-03-31;15.47887421;;
1982-04-30;15.47887421;;
1982-05-31;16.3156075;;
1982-06-30;15.61856027;;
1982-07-31;15.47887421;;
1982-08-31;14.92151304;;
1982-09-30;14.78182698;;
1982-10-31;14.64214093;;
1982-11-30;14.2244658;;
1982-12-31;13.6657216;;
1983-01-31;15.81395983;;
1983-02-28;17.19193408;;
1983-03-31;18.43620389;;
1983-04-30;21.3613294;;
1983-05-31;21.20443135;;
1983-06-30;21.29584152;;
1983-07-31;23.297315;;
1983-08-31;23.45830605;;
1983-09-30;24.23188169;;
1983-10-31;23.95765117;;
1983-11-30;24.16366514;;
1983-12-31;25.99459725;<strong>Aksjeboom</strong></br> Oppgangskonjunktur og deregulering ga den sterkeste kursoppgangen siden jobbetiden under 1. verdenskrig. I 1983 steg Totalindeksen med 90,5 prosent.;</br><em>Indeks 31.12.1983: 25.99</br><em>Endring siste 12 mnd: 90.22 %</em>
1984-01-31;29.55550098;;
1984-02-28;29.4149749;;
1984-03-31;31.79573237;;
1984-04-30;34.21059812;;
1984-05-31;33.4643091;;
1984-06-30;28.94155206;;
1984-07-31;29.99072255;;
1984-08-31;31.75480244;;
1984-09-30;30.76975551;;
1984-10-31;32.49699847;;
1984-11-30;31.22680637;;
1984-12-31;32.21185331;;
1985-01-31;36.69095176;;
1985-02-28;35.46032526;;
1985-03-31;34.10554464;;
1985-04-30;36.07154551;;
1985-05-31;37.45634141;;
1985-06-30;35.79867933;;
1985-07-31;37.38130321;;
1985-08-31;37.72238594;;
1985-09-30;38.93936913;;
1985-10-31;41.95590482;;
1985-11-30;43.2206396;;
1985-12-31;42.11280288;;
1986-01-31;40.07039948;;
1986-02-28;38.65013098;;
1986-03-31;37.57913119;;
1986-04-30;36.07290985;;
1986-05-31;36.96108928;;
1986-06-30;38.95846977;;
1986-07-31;36.60772757;;
1986-08-31;39.39778433;;
1986-09-30;39.17676272;;
1986-10-31;39.62972059;;
1986-11-30;40.36918795;;
1986-12-31;38.37453613;;
1987-01-31;39.21223532;;
1987-02-28;40.26959179;;
1987-03-31;41.88632395;;
1987-04-30;44.14838463;;
1987-05-31;44.39942152;;
1987-06-30;45.15526086;;
1987-07-31;49.85810958;;
1987-08-31;54.29491377;;
1987-09-30;57.36329404;;
1987-10-31;41.63255839;<strong>Krakk!</strong></br> Den største børsoppturen i Norge siden 1. verdenskrig endte brått tirsdag 20. oktober 1987. Totalindeksen falt 19,1 prosent, og dagen er i ettertid blitt hetende den sorte tirsdagen. Da bunnen ble nådd ved utgangen av desember 1987, hadde totalindeksen falt 42 prosent fra fredagen før den sorte tirsdagen. ;</br><em>Indeks 31.10.1987: 41.63</br><em>Endring siste 12 mnd: 5.05 %</em>
1987-11-30;34.24334207;;
1987-12-31;33.83540712;;
1988-01-31;34.89549225;;
1988-02-28;37.03885614;;
1988-03-31;39.8466492;;
1988-04-30;39.95306702;;
1988-05-31;38.258568;;
1988-06-30;40.16726697;;
1988-07-31;40.83306047;;
1988-08-31;37.57913119;;
1988-09-30;38.85614495;;
1988-10-31;40.06494215;;
1988-11-30;41.82765772;;
1988-12-31;46.59599432;;
1989-01-31;54.72467802;;
1989-02-28;56.0958306;;
1989-03-31;61.15613403;<strong>Tilbake på nye nye høyder</strong></br>Årene etter oktober-krakket steg  kursene raskt til nye høyder, og allerede våren 1989 var aksjemarkedet over nivået fra oktober 1987.;</br><em>Indeks 31.03.1989: 61.16</br><em>Endring siste 12 mnd: 53.48 %</em>
1989-04-30;65.02810522;;
1989-05-31;67.69810085;;
1989-06-30;66.67894565;;
1989-07-31;68.96147129;;
1989-08-31;71.91524776;;
1989-09-30;73.60838245;;
1989-10-31;64.61471294;;
1989-11-30;66.25191006;;
1989-12-31;71.96709234;;
1990-01-31;77.52128356;;
1990-02-28;82.96632831;;
1990-03-31;85.52581314;;
1990-04-30;81.17905479;;
1990-05-31;87.80288147;;
1990-06-30;83.84768609;;
1990-07-31;90.03219821;;
1990-08-31;82.42605326;<strong>Utbruddet av den første Golfkrigen i august 1990</strong></br> ga kraftig fall på børsene så vel i Norge som i utlandet.  I midten av januar 1991 var totalindeksen 37 prosent lavere enn før Iraks invasjon av Kuwait. Deretter fortsatte Børsen å falle. ;</br><em>Indeks 31.08.1990: 82.43</br><em>Endring siste 12 mnd: 14.62 %</em>
1990-09-30;73.69160664;;
1990-10-31;69.50720367;;
1990-11-30;66.54251255;;
1990-12-31;62.28716437;;
1991-01-31;57.90356909;;
1991-02-28;64.78252565;;
1991-03-31;67.18238376;;
1991-04-30;65.36373063;;
1991-05-31;69.88648767;;
1991-06-30;67.96687404;;
1991-07-31;69.85374372;;
1991-08-31;71.18396638;;
1991-09-30;67.15509714;;
1991-10-31;63.64740231;;
1991-11-30;53.96611002;;
1991-12-31;56.4219057;;
1992-01-31;60.96922069;;
1992-02-28;56.25272866;;
1992-03-31;57.98406461;;
1992-04-30;60.42621698;;
1992-05-31;61.54360402;;
1992-06-30;54.98799389;;
1992-07-31;52.27570399;;
1992-08-31;43.50714909;;
1992-09-30;45.00654879;<strong>Bankkrisen</strong></br>Utviklingen speilet også svært vanskelige år for norsk økonomi. Veksten hadde ebbet ut og arbeidsledigheten hadde bitt seg fast på nivåer man ikke hadde sett siden 1930-tallet. Bankaksjene trakk Totalindeksen nedover.  Etter ellevill ekspansjon under jappetiden fra 1984 til 1987, opplevde bankene betydelige solvensproblemer. Fra høsten 1989 til inngangen av 1992 falt bankindeksen med 88 prosent. ;</br><em>Indeks 30.09.1992: 45.01</br><em>Endring siste 12 mnd: -32.98 %</em>
1992-10-31;47.98215455;;
1992-11-30;48.97129448;;
1992-12-31;50.76948265;;
1993-01-31;52.13790657;;
1993-02-28;54.64281816;;
1993-03-31;60.70863349;;
1993-04-30;65.11815106;;
1993-05-31;64.7320454;;
1993-06-30;66.50976861;;
1993-07-31;72.50327439;;
1993-08-31;77.93058284;;
1993-09-30;74.33284217;;
1993-10-31;83.7685549;;
1993-11-30;78.65504257;;
1993-12-31;83.64440079;;
1994-01-31;93.50714909;;
1994-02-28;93.49077712;;
1994-03-31;87.46998472;;
1994-04-30;86.5163174;;
1994-05-31;86.99383322;;
1994-06-30;82.29507749;;
1994-07-31;88.61738703;;
1994-08-31;87.96114386;;
1994-09-30;80.98395547;;
1994-10-31;82.54747872;;
1994-11-30;85.15471513;;
1994-12-31;89.60652696;;
1995-01-31;89.07580223;;
1995-02-28;86.88059376;;
1995-03-31;82.81488758;;
1995-04-30;90.00764025;;
1995-05-31;92.38430474;;
1995-06-30;95.62322637;;
1995-07-31;97.80479153;;
1995-08-31;98.36007422;;
1995-09-30;100.5198101;;
1995-10-31;96.20988867;;
1995-11-30;98.29867933;;
1995-12-31;100;;
1996-01-31;101.2275;;
1996-02-28;102.436;;
1996-03-31;103.3784;;
1996-04-30;112.2236;;
1996-05-31;113.1924;;
1996-06-30;114.3976;;
1996-07-31;110.0473;;
1996-08-31;112.9566;;
1996-09-30;115.381;;
1996-10-31;118.348;;
1996-11-30;126.645;;
1996-12-31;132.4284;;
1997-01-31;143.8459;;
1997-02-28;142.3721;;
1997-03-31;144.4694;;
1997-04-30;148.1489;;
1997-05-31;157.9456;;
1997-06-30;163.6205;;
1997-07-31;176.6743;;
1997-08-31;175.2829;;
1997-09-30;183.5571;;
1997-10-31;181.0868;;
1997-11-30;173.7785;;
1997-12-31;175.0695;;
1998-01-31;170.7318;;
1998-02-28;174.9908;;
1998-03-31;190.1937;;
1998-04-30;195.123;<strong>Medvind fra norsk økonomi og oljen</strong></br>Kursoppgangen frem til våren 1998 reflekterer en norsk økonomi i fremgang. Industrien vokste, sysselsettingen var på vei opp og oljeprisene styrket seg.;</br><em>Indeks 30.04.1998: 195.12</br><em>Endring siste 12 mnd: 31.71 %</em>
1998-05-31;182.1756;;
1998-06-30;178.8865;;
1998-07-31;176.7389;;
1998-08-31;132.3068;;
1998-09-30;119.2917;<strong>Oljen under 10 dollar fatet og finanskrise i Asia</strong></br>Kursoppgangen gjennom 90-tallet fikk en bråstopp i 1998.  I kjølvannet av den asiatiske finanskrisen 1997/98 falt oljeprisen sterkt. I møte med press mot kronen satte Norges Bank styringsrenten markert opp. ;</br><em>Indeks 30.09.1998: 119.29</br><em>Endring siste 12 mnd: -35.01 %</em>
1998-10-31;136.0098;;
1998-11-30;130.2622;;
1998-12-31;127.8271;;
1999-01-31;139.0769;;
1999-02-28;132.3974;;
1999-03-31;143.1379;;
1999-04-30;154.878;;
1999-05-31;154.5205;;
1999-06-30;154.5556;;
1999-07-31;159.0344;;
1999-08-31;162.9355;;
1999-09-30;160.9084;;
1999-10-31;158.5232;;
1999-11-30;169.9773;;
1999-12-31;189.7622;Med IT-aksjer i spiss ble 1999 et usedvanlig godt børsår. Oljeprisen steg raskt og rentenivået falt markant etter at Norges Bank i 1999 begynte å legge inflasjonsstyring til grunn for pengepolitikken.;</br><em>Indeks 31.12.1999: 189.76</br><em>Endring siste 12 mnd: 48.45 %</em>
2000-01-31;184.477;;
2000-02-28;189.384;;
2000-03-31;188.3205;;
2000-04-30;182.051;;
2000-05-31;190.6267;;
2000-06-30;196.2783;;
2000-07-31;201.7848;;
2000-08-31;220.584;;
2000-09-30;213.9412;;
2000-10-31;212.9206;;
2000-11-30;195.5741;;
2000-12-31;195.791;;
2001-01-31;201.1837;;
2001-02-28;200.8298;;
2001-03-31;184.1294;<strong>Den internasjonale dot.com-boblen sprekker</strong></br> IT-aksjer snur brått nedover, særlig internett-selskaper som var priset på forventninger om høye fremtidige inntekter. ;</br><em>Indeks 31.03.2001: 184.13</br><em>Endring siste 12 mnd: -2.23 %</em>
2001-04-30;195.7603;;
2001-05-31;201.36;;
2001-06-30;192.04;;
2001-07-31;187.28;;
2001-08-31;176.62;;
2001-09-30;147.08;11. september-angrepet på USA;</br><em>Indeks 30.09.2001: 147.08</br><em>Endring siste 12 mnd: -31.25 %</em>
2001-10-31;150.36;;
2001-11-30;158.89;;
2001-12-31;167.18;;
2002-01-31;163.55;;
2002-02-28;165.46;;
2002-03-31;179.06;;
2002-04-30;170.51;;
2002-05-31;165.92;;
2002-06-30;148.45;;
2002-07-31;136.58;;
2002-08-31;131.42;;
2002-09-30;110.62;;
2002-10-31;117.48;;
2002-11-30;126.06;;
2002-12-31;115.21;;
2003-01-31;109.72;;
2003-02-28;101.63;Bunnen nås etter at dot.com-boblen sprakk, terrorangrepet 11. september og avsløringen av en rekke revisorskandaler (Arthur Andersen, Adelphia, Enron, and WorldCom).;</br><em>Indeks 28.02.2003: 101.63</br><em>Endring siste 12 mnd: -38.58 %</em>
2003-03-31;104.03;;
2003-04-30;117.57;;
2003-05-31;124.32118;;
2003-06-30;134.19574;;
2003-07-31;145.33227;;
2003-08-31;152.91295;;
2003-09-30;142.6489;;
2003-10-31;160.94507;;
2003-11-30;162.26673;;
2003-12-31;170.97122;;
2004-01-31;183.94553;;
2004-02-28;202.06534;;
2004-03-31;193.76702;;
2004-04-30;188.22683;;
2004-05-31;191.63778;;
2004-06-30;204.54522;;
2004-07-31;201.70771;;
2004-08-31;203.7006;;
2004-09-30;219.3107;;
2004-10-31;213.47763;;
2004-11-30;232.42682;;
2004-12-31;236.70323;;
2005-01-31;242.47256;;
2005-02-28;260.05608;;
2005-03-31;256.27479;;
2005-04-30;243.5342;;
2005-05-31;258.37216;;
2005-06-30;283.4056674;;
2005-07-31;298.5555629;;
2005-08-31;315.9699796;;
2005-09-30;328.1627342;;
2005-10-31;302.219506;;
2005-11-30;314.2285297;;
2005-12-31;332.5086876;;
2006-01-31;355.2009752;;
2006-02-28;366.0626316;;
2006-03-31;396.2971655;;
2006-04-30;407.017229;;
2006-05-31;381.430807;;
2006-06-30;376.4429737;;
2006-07-31;380.9919902;;
2006-08-31;382.1719705;;
2006-09-30;371.5857534;;
2006-10-31;402.6907224;;
2006-11-30;412.9920598;;
2006-12-31;440.3577149;;
2007-01-31;460.7372385;;
2007-02-28;440.5852529;;
2007-03-31;461.2988681;;
2007-04-30;477.6130577;;
2007-05-31;496.2643773;;
2007-06-30;508.243108;;
2007-07-31;495.5725977;;
2007-08-31;473.5590302;;
2007-09-30;496.2914977;;
2007-10-31;514.0877505;<strong>Oppgangskonjunktur, stigende oljepris og lave renter</strong></br>Oppturen som startet vinteren 2003 er kanskje den sterkeste og mest vedvarende i det norske aksjemarkedets historie. Den eneste sammenlignbare perioden er aksjeboomen i årene 1983 til 1987. Internasjonalt var oppgangen godt hjulpet av lave rentenivåer. Høy og stigende oljepris ga større kursoppgang her hjemme enn ute. ;</br><em>Indeks 31.10.2007: 514.09</br><em>Endring siste 12 mnd: 27.66 %</em>
2007-11-30;492.8296972;;
2007-12-31;490.8328218;;
2008-01-31;393.8738643;;
2008-02-28;427.1083335;;
2008-03-31;411.9863495;;
2008-04-30;463.2169747;;
2008-05-31;497.246946;;
2008-06-30;463.4459342;;
2008-07-31;424.0485199;;
2008-08-31;425.7270732;;
2008-09-30;318.3798678;;
2008-10-31;244.7996406;;
2008-11-30;219.8738818;;
2008-12-31;225.4806528;<strong>Finanskrisen</strong></br>Dypt fall i oljeprisen forsterket kursfallet på Oslo Børs. I tillegg søkte utenlandske investorer tilflukt i større markeder. I de foregående årene hadde utlendinger kjøpt seg opp til de nye rekordnivåer og vært avgjørende for likviditeten. 2008 er det svakeste året i Hovedindeksens historie med et kursfall på 54,1 prosent.;</br><em>Indeks 31.12.2008: 225.48</br><em>Endring siste 12 mnd: -54.06 %</em>
2009-01-31;225.8362133;;
2009-02-28;214.6364297;;
2009-03-31;226.3401506;;
2009-04-30;252.6259729;;
2009-05-31;292.6153105;;
2009-06-30;282.3467857;;
2009-07-31;297.5677863;;
2009-08-31;300.1845996;;
2009-09-30;323.4606515;;
2009-10-31;331.3509611;;
2009-11-30;349.1481922;;
2009-12-31;371.5556787;<strong>Rekyl</strong></br>2009 er det sterkeste året i Hovedindeksens historie med et kurshopp på 64,8 prosent;</br><em>Indeks 31.12.2009: 371.56</br><em>Endring siste 12 mnd: 64.78 %</em>
2010-01-31;362.7284578;;
2010-02-28;350.4151909;;
2010-03-31;376.6982641;;
2010-04-30;383.02;;
2010-05-31;344.23;;
2010-06-30;328.12;;
2010-07-31;358.41;;
2010-08-31;352.66;;
2010-09-30;381.43;;
2010-10-31;404.62;;
2010-11-30;396.07;;
2010-12-31;439.72;;
2011-01-31;430.24;;
2011-02-28;446.16;;
2011-03-31;445.41;;
2011-04-30;447.74;;
2011-05-31;440.91;;
2011-06-30;421.33;;
2011-07-31;417.65;;
2011-08-31;378.47;;
2011-09-30;348.28;<strong>Statsgjeldkrisen</strong> i flere land i euroområdet truer euroen og senker børsene. ;</br><em>Indeks 30.09.2011: 348.28</br><em>Endring siste 12 mnd: -8.69 %</em>
2011-10-31;384.22;;
2011-11-30;380.85;;
2011-12-31;384.95;;
2012-01-31;397.36;;
2012-02-28;429.85;;
2012-03-31;426.61;;
2012-04-30;421.21;;
2012-05-31;384.36;;
2012-06-30;407.09;;
2012-07-31;423.31;;
2012-08-31;435.22;;
2012-09-30;445.92;;
2012-10-31;442.18;;
2012-11-30;442.0838856;;
2012-12-31;444.0877278;;
2013-01-31;465.7857914;;
2013-02-28;473.0730097;;
2013-03-31;471.2111511;;
2013-04-30;480.1341777;;
2013-05-31;491.7090337;;
2013-06-30;468.792143;;
2013-07-31;495.3649871;;
2013-08-31;496.7849095;;
2013-09-30;501.7600572;;
2013-10-31;532.3333236;Gjeninnhentingen etter finanskrisen tok – i motsetning til etter fallet i 1987 – lang tid. Aksjekursnivåene høsten 2007 ble først nådd høsten 2013. ;</br><em>Indeks 31.10.2013: 532.33</br><em>Endring siste 12 mnd: 20.39 %</em>
2013-11-30;542.786243;;
2013-12-31;548.8636223;;
2014-01-31;535.7274553;;
2014-02-28;555.716876;;
2014-03-31;561.9530935;;
2014-04-30;578.3684001;;
2014-05-31;605.2585982;;
2014-06-30;617.8847389;;
2014-07-31;612.2948092;;
2014-08-31;610.1663039;;
2014-09-30;609.3807326;;
2014-10-31;585.2839468;;
2014-11-30;566.3415406;<strong>Oljeprisfall</strong></br>Det kraftige oljeprisfallet høsten 2014 rammer Oslo Børs sterkt. Som en konsekvens av kursfallet ble Oslo Børs mindre oljetung. ;</br><em>Indeks 30.11.2014: 566.34</br><em>Endring siste 12 mnd: 4.34 %</em>
2014-12-31;576.0434483;;
2015-01-31;596.1942652;;
2015-02-28;615.6449773;;
2015-03-31;619.2028487;;
2015-04-30;639.3647891;;
2015-05-31;645.679968;;
2015-06-30;629.1063641;;
2015-07-31;638.9325679;;
2015-08-31;594.1028735;;
2015-09-30;581.7863215;;
2015-10-31;615.2411702;;
2015-11-30;628.7584778;;
2015-12-31;610.2589119;;
2016-01-31;560.9302824;Oljeprisen når bunnen etter å falt til under 30 dollar per fat. ;</br><em>Indeks 31.01.2016: 560.93</br><em>Endring siste 12 mnd: -5.91 %</em>
2016-02-28;572.50011;;
2016-03-31;577.7497088;;
2016-04-30;606.2814579;;
2016-05-31;617.3056636;;
2016-06-30;602.856451;;
2016-07-31;612.6257679;;
2016-08-31;618.9268826;;
2016-09-30;622.6898374;;
2016-10-31;638.20194;;
2016-11-30;656.6342818;;
2016-12-31;683.865952;;
2017-01-31;693.1205073;;
2017-02-28;690.2736158;;
2017-03-31;687.8491106;;
2017-04-30;697.6583307;;
2017-05-31;710.3357419;;
2017-06-30;698.5828495;;
2017-07-31;732.5063633;;
2017-08-31;739.8715408;;
2017-09-30;783.0885195;;
2017-10-31;806.9523086;;
2017-11-30;796.8278709;;
2017-12-31;814.4502454;Lave styringsrenter og oppsving i verdensøkonomien sender aksjemarkedet til stadig nye høyder. Stigende oljepris gir oljerelaterte aksjer et løft, samtidig som andre sektorer stiger enda mer, fremfor alt sjømat. Hovedindeksen slutter på historisk toppnotering 50 ganger i 2017. Vi må tilbake til 2005 for å finne et år med flere rekorddager.;</br><em>Indeks 31.12.2017: 814.45</br><em>Endring siste 12 mnd: 19.1 %</em>
2018-01-31;811.007036;;
2018-02-28;819.7703511;;
2018-03-31;805.3208776;;
2018-04-30;859.9624283;;
2018-05-31;875.5213899;;
2018-06-30;879.1431763;;
2018-07-31;896.4004085;;
2018-08-31;906.6887307;;
2018-09-30;938.2612396;;
2018-10-31;889.6615003;;
2018-11-30;860.9800352;;
2018-12-31;799.4638002;;
2019-01-31;835.30839;;
2019-02-28;865.2847208;;
2019-03-31;863.1088095;;
2019-04-30;880.9102352;;
2019-05-31;852.0944277;;
2019-06-30;864.6253483;;
2019-07-31;859.1371868;;
2019-08-31;861.2867675;;
2019-09-30;886.6034675;;
2019-10-31;898.0453218;;
2019-11-30;902.4509816;;
2019-12-31;931.4485587;;
2020-01-31;913.8147753;<strong>Historisk toppnotering</strong></br> 17. januar er sist gang Hovedindeksen sluttet på ny historisk topp.;</br><em>Indeks 31.01.2020: 913.81</br><em>Endring siste 12 mnd: 9.4 %</em>
2020-02-28;830.2573885;;
2020-03-31;707.1289455;<strong>Koronakrise og oljepriskrig</strong></br> ;</br><em>Indeks 31.03.2020: 707.13</br><em>Endring siste 12 mnd: -18.07 %</em>
